 사냥의 시간,2020,대한민국,윤성현 
 나는 원래 대전에서 로맨틱 코미디를 찍으려고 했었다,2018,대한민국,배기원 
 담쟁이,2020,대한민국,한제이 
 오빠가 화났다,2019,대한민국,황경성 
 사바하,2018,대한민국,장재현 
 명옥,2024,대한민국,이진혁 
 잔칫날,2020,대한민국,김록경 
 헤어질 결심,2022,대한민국,박찬욱 
 지옥,2021,대한민국,연상호 
 무사고 1823일,2021,대한민국,김동범 
 더블패티,2020,대한민국,백승환 
 밀수,2023,대한민국,류승완 
 여타짜,2021,대한민국,이지승 
 해 뜰 날,2017,대한민국,심은하 
 대한 사람 대한으로 길이 보전하세,2018,대한민국,김동욱 
 다만 악에서 구하소서,2020,대한민국,홍원찬 
 SS501: Five Men's Five Years in 2005~2009,2009,대한민국, 
 사범,2018,대한민국,조동희 
 염력,2017,대한민국,연상호 
 딥,2018,대한민국,조성규 
 사냥의 시간,2020,대한민국,윤성현 
