 윗집 사람들,2025,대한민국,하정우 
 기억 보관함,2014,대한민국,원수진 
 극장판 똘똘이: 아기공룡의 비밀,2025,대한민국,최영진 
 비밀의 문,2025,대한민국,이동현 
 흐르는 여정,2025,대한민국,김진유 
 허들,2025,대한민국,한상욱 
 우리의 이름,2025,대한민국,이상록 
 철들 무렵,2025,대한민국,정승오 
 콘크리트 마켓,2025,대한민국,홍기원 
 투 헤븐,2025,대한민국,김상철 
 너와 나의 5분,2024,대한민국,엄하늘 
 망내인: 얼굴 없는 살인자들,2025,대한민국,신재호 
 광장,2024,대한민국,김보솔 
 초콜릿,2025,대한민국,양지은 
 피렌체,2025,대한민국,이창열 
 엄마를 버리러 갑니다,2025,"대한민국,베트남",모홍진 
 리플레이,2025,대한민국,황경성 
 프리즘 오브 그레이 락,2024,대한민국,곽민영 
 홍어의 역습,2025,대한민국,이수성 
 신의 악단,2025,대한민국,김형협 
 통잠,2024,대한민국,김솔해 이도진 
 파편,2023,대한민국,김성윤 
 최초의 기억,2023,대한민국,안선경 장건재 
 동에 번쩍 서에 번쩍,2022,대한민국,이광국 
 For Nothing_별일 없음,2010,대한민국,민정기 윤영조 
 구름이하는말,2024,대한민국,장태구 
 한란,2025,대한민국,하명미 
 멀고도 가까운,2025,대한민국,최인규 
 고백하지마,2024,대한민국,류현경 
 고당도,2025,대한민국,권용재 
 맨홀,2024,대한민국,한지수 
 넌센스,2023,대한민국,이제희 
 마사이 크로스,2025,대한민국,이성관 
 달팽이 농구단,2024,대한민국,고은기 
 생명의 은인,2023,대한민국,방미리 
 윗집 사람들,2025,대한민국,하정우 
